lemma,count
love,250
story,249
performance,243
set,232
play,227
american,227
woman,226
great,225
filmmaker,205
tale,181
war,178
family,177
follow,170
become,167
career,164
turn,161
movie,156
portrait,150
include,149
comedy,143
good,142
drama,141
live,136
actor,135
whose,133
bring,130
french,128
direct,127
three,127
,126
early,124
character,124
classic,121
ever,121
screen,121
hollywood,119
create,117
present,115
shoot,115
century,113
documentary,111
cinematic,110
art,109
jean,109
novel,109
series,108
cast,108
begin,107
role,105
masterpiece,105
city,103
artist,101
win,101
legendary,100
age,99
wife,98
force,97
political,96
international,95
death,93
black,92
an,92
human,91
adaptation,91
social,90
oscar,90
de,90
together,89
decade,89
long,89
relationship,87
home,87
bergman,87
master,87
debut,87
old,87
visual,86
personal,86
romantic,84
japanese,84
class,83
town,82
journey,82
four,81
award,80
emotional,80
era,80
style,80
late,80
remain,79
release,79
vision,79
history,78
john,78
lead,78
romance,77
writer,77
father,77
yet,76
beautiful,76
end,76
leave,75
british,75
base,75
child,75
epic,74
move,73
score,72
back,72
face,72
help,71
academy,71
beloved,71
friend,70
small,70
return,70
cinematography,70
modern,68
among,68
five,68
experience,68
past,68
crime,67
dream,67
country,66
mother,66
foundation,66
struggle,66
society,66
camera,66
show,66
form,65
true,65
self,65
depiction,65
part,65
son,65
after,64
power,64
image,64
white,64
study,64
result,64
music,64
capture,64
america,63
contemporary,63
ii,63
final,63
action,62
thriller,62
comic,62
wave,62
husband,62
boy,62
reality,60
place,60
scene,60
murder,60
silent,59
dark,59
meet,59
high,59
fall,58
though,58
melodrama,58
couple,58
big,58
heart,58
humor,57
original,57
studio,57
draw,57
beauty,57
effect,57
village,56
hit,56
eye,56
last,55
group,55
along,55
sound,55
japan,55
genre,55
girl,54
affair,54
vivid,54
restore,54
york,54
violence,54
paris,54
real,53
version,53
marriage,53
narrative,53
former,53
mysterious,53
brilliant,52
popular,52
second,52
major,52
full,52
landscape,51
filmmake,51
provide,51
daughter,51
night,51
italian,51
unforgettable,51
cut,51
define,51
production,50
mark,50
cinematographer,50
never,50
may,50
richard,50
france,50
around,49
trilogy,49
d,49
grow,49
try,49
search,49
color,49
fantasy,48
travel,48
horror,48
culture,48
stage,48
brother,48
controversial,48
discover,48
course,48
postwar,47
lover,47
german,47
offer,47
project,47
craft,47
adventure,47
remarkable,47
unique,47
name,47
intimate,47
attempt,47
support,46
tragic,46
fiction,46
paul,46
short,46
reveal,46
david,45
moment,45
rich,45
brilliantly,45
zatoichi,45
middle,45
von,45
sister,45
sexual,45
soon,45
collaboration,45
noir,45
nature,44
criterion,44
another,44
close,44
inspire,44
put,44
six,44
viewer,44
shot,44
sex,43
adapt,43
theater,43
sixty,43
battle,43
run,43
figure,43
success,43
hope,43
iconic,43
twenty,43
musical,43
house,42
soul,42
moral,42
deeply,42
l,42
piece,42
still,42
exploration,42
generation,42
funny,42
ozu,42
television,42
robert,42
desire,42
restoration,42
must,42
audience,42
simple,41
influential,41
cannes,41
varda,41
special,41
independent,41
stunning,41
kurosawa,41
legend,41
visually,41
detail,41
pierre,41
s,40
james,40
free,40
collection,40
act,40
change,40
lose,40
acclaim,40
street,40
winner,40
marry,40
tragedy,40
haunt,39
proud,39
dare,39
extraordinary,39
tour,39
emotionally,39
picture,39
establish,39
poetic,38
escape,38
twentieth,38
nearly,38
mix,38
subject,38
every,38
peter,38
radical,38
criminal,38
call,38
point,37
body,37
george,37
police,37
complex,37
michael,37
u,37
female,37
triumph,37
island,37
satire,37
behind,37
singular,37
grip,36
fine,36
london,36
king,36
gangster,36
influence,36
voice,36
spirit,36
mind,36
seem,36
student,36
sense,36
poignant,36
breakthrough,36
provocative,36
nominate,36
plan,36
rock,35
often,35
local,35
charm,35
identity,35
deliver,35
upon,35
pair,35
artistic,35
encounter,34
violent,34
send,34
open,34
hilarious,34
meditation,34
explore,34
feel,34
exquisite,34
road,34
producer,34
celebrate,34
desperate,34
tribute,34
actress,34
footage,34
landmark,34
psychological,33
la,33
head,33
design,33
united,33
crew,33
dazzle,33
western,33
working,33
famous,33
astonishing,33
across,33
thrill,33
samurai,33
drive,33
association,33
spiritual,33
script,33
increasingly,33
plot,33
produce,33
chronicle,33
realism,32
continue,32
hour,32
everyday,32
icon,32
sensation,32
fight,32
childhood,32
creation,32
kill,32
technicolor,32
away,32
theme,32
photography,32
strike,32
perhaps,32
order,31
medium,31
humanity,31
stand,31
prize,31
festival,31
audacious,31
song,31
little,31
gorgeous,31
surreal,31
talent,31
combine,31
henry,31
height,31
fellow,31
however,31
focus,31
jack,31
rare,30
states,30
friendship,30
amid,30
sequence,30
intense,30
control,30
period,30
jacques,30
later,30
title,30
memory,30
powerful,30
enigmatic,30
tender,29
emerge,29
monster,29
inventive,29
engage,29
band,29
groundbreake,29
trouble,29
wildly,29
youth,29
wild,29
south,29
foreign,29
path,29
center,29
fate,29
showcase,29
dialogue,29
commentary,29
michel,28
tear,28
wit,28
evocation,28
bear,28
light,28
soundtrack,28
di,28
charles,28
ray,28
location,28
movement,28
trip,28
right,28
consider,28
transform,28
blind,28
authority,28
cult,28
visionary,28
hand,28
nazi,28
land,28
school,28
evocative,28
community,28
louis,28
pop,28
spend,28
future,28
dead,27
hard,27
down,27
parent,27
write,27
before,27
killer,27
join,27
seek,27
poet,27
widow,27
underworld,27
revenge,27
over,27
catch,27
today,27
politic,27
break,27
secret,27
profound,27
receive,27
box,27
language,27
mystery,26
chaplin,26
obsession,26
le,26
malle,26
collect,26
military,26
team,26
clan,26
prove,26
lee,26
elegant,26
money,26
experiment,26
worker,26
kong,26
singer,26
chance,26
william,26
daily,26
max,26
kind,26
grand,26
passion,26
science,26
tokyo,26
cineteca,26
chart,26
auteur,26
decide,26
screenplay,25
line,25
devastating,25
shocking,25
conflict,25
member,25
depict,25
remote,25
complete,25
physical,25
collaborator,25
bologna,25
italy,25
profoundly,25
fascinating,25
delight,25
freedom,25
ingmar,25
renoir,25
poetry,25
germany,25
attack,25
lonely,25
investigation,25
deep,25
soviet,25
hero,25
compelling,25
england,25
code,25
creative,25
element,25
ultimately,25
always,25
nineteenth,25
bourgeois,24
domestic,24
imagery,24
rural,24
keep,24
rise,24
photograph,24
slapstick,24
corrupt,24
since,24
surround,24
book,24
apart,24
truth,24
anna,24
ingrid,24
challenge,24
claude,24
robeson,24
masterwork,24
state,24
despite,24
english,24
entertain,24
golden,24
train,24
swordsman,24
launch,24
single,24
soldier,24
melancholy,24
touch,24
earth,24
honor,24
low,24
mifune,24
grace,24
brutal,24
fellini,24
law,23
hong,23
godard,23
entertaining,23
realize,23
achievement,23
ritrovata,23
national,23
existential,23
crisis,23
witty,23
fassbinder,23
company,23
agnes,23
match,23
thirty,23
arrive,23
immagine,23
commit,23
charge,23
process,23
sharp,23
trio,23
innovative,23
die,23
track,23
shadow,23
bond,23
examination,23
off,23
introduce,23
much,23
critic,23
abandon,23
video,23
stranger,23
wealthy,23
pure,23
view,22
tension,22
elegantly,22
game,22
fifty,22
event,22
without,22
next,22
office,22
already,22
budget,22
job,22
depth,22
unfold,22
nothing,22
re,22
west,22
idiosyncratic,22
start,22
subversive,22
composer,22
important,22
alexander,22
widely,22
ex,22
rome,22
passionate,22
testament,22
expression,22
evoke,22
prison,22
funding,22
witness,22
sexuality,22
imagination,22
unexpected,22
ruthless,22
cultural,22
reach,22
bold,22
side,22
seemingly,22
perform,22
own,22
involve,22
catherine,22
pioneer,21
room,21
harry,21
akira,21
twist,21
bunuel,21
space,21
smash,21
toshiro,21
humane,21
terror,21
captivate,21
ghost,21
doctor,21
legacy,21
less,21
finally,21
believe,21
joy,21
industry,21
business,21
rule,21
beautifully,21
concern,21
stir,21
genius,21
wonder,21
revelatory,21
mission,21
edit,21
historical,21
stop,21
simon,21
renowned,21
summer,21
through,21
directorial,20
boss,20
girlfriend,20
opera,20
blood,20
mount,20
suspense,20
truly,20
widescreen,20
range,20
costume,20
playwright,20
existence,20
performer,20
delightful,20
teacher,20
novelist,20
embark,20
weave,20
pleasure,20
sensual,20
approach,20
deftly,20
cover,20
nation,20
revolution,20
sweet,20
angeles,20
factory,20
visceral,20
equal,20
breakout,20
tom,20
document,20
earn,20
playful,20
conceive,20
spectacle,20
los,20
technique,20
water,20
construct,20
individual,20
interview,20
fund,20
steal,19
enter,19
paint,19
owner,19
raw,19
dance,19
question,19
teenage,19
dramatic,19
build,19
direction,19
entry,19
third,19
farce,19
mean,19
tradition,19
cassavetes,19
swedish,19
nightmare,19
threaten,19
discovery,19
trademark,19
countryside,19
both,19
while,19
manhattan,19
far,19
government,19
edition,19
museum,19
memorable,19
investigate,19
philosophical,19
different,19
editing,19
faith,19
toward,19
fashion,19
glimpse,19
startling,19
red,19
screenwriter,19
erotic,19
composition,18
saga,18
test,18
ambitious,18
birth,18
filmmaking,18
pay,18
east,18
treasure,18
maria,18
learn,18
lady,18
sweep,18
wall,18
delicate,18
essential,18
ten,18
quiet,18
confront,18
masterful,18
shape,18
portrayal,18
urban,18
hell,18
korda,18
carry,18
ill,18
forge,18
mm,18
theatrical,18
cross,18
native,18
spanish,18
seven,18
grant,18
kaurismaki,18
arrest,18
sternberg,18
ensemble,18
laboratory,18
fresh,18
frame,18
everything,18
innocent,18
render,18
watch,18
half,18
hire,18
gritty,18
hall,18
sublime,18
hide,18
eccentric,18
shift,18
truffaut,17
wide,17
wartime,17
limit,17
key,17
fable,17
revolutionary,17
near,17
handsome,17
naturalistic,17
blue,17
conjure,17
teenager,17
appearance,17
immigrant,17
unsettling,17
electrify,17
eyed,17
timeless,17
mexico,17
earthy,17
large,17
reporter,17
notorious,17
protagonist,17
reunite,17
observe,17
nuance,17
fierce,17
fear,17
anderson,17
fame,17
critique,17
thank,17
examine,17
something,17
dietrich,17
officer,17
shatter,17
thief,17
eight,17
level,17
pursue,17
effort,17
fortune,17
o,17
rival,17
experimental,17
andre,17
bloody,17
storytelling,17
public,17
flashback,17
rank,17
painter,17
apartment,17
outside,16
parallel,16
politically,16
atmospheric,16
tales,16
sequel,16
illustration,16
blend,16
palme,16
attention,16
sly,16
shock,16
reflection,16
dreamlike,16
climax,16
material,16
professional,16
quest,16
bleak,16
emotion,16
clash,16
lyrical,16
qatar,16
boil,16
odyssey,16
onto,16
official,16
equally,16
eerie,16
layer,16
harsh,16
motion,16
player,16
european,16
searing,16
expose,16
destructive,16
andersson,16
minute,16
suffuse,16
wong,16
edge,16
circus,16
gag,16
russian,16
compassionate,16
chilling,16
frank,16
dangerous,16
sophisticated,16
dreyer,16
stumble,16
system,16
trial,16
entertainment,16
status,16
eventually,16
visit,16
texas,16
africa,16
mainstream,16
longtime,16
monumental,16
dynamic,16
demy,16
raise,16
fairy,16
endure,16
lovely,16
meticulously,16
front,15
case,15
socially,15
bad,15
julie,15
serve,15
matter,15
europe,15
terry,15
marvel,15
ben,15
vicious,15
save,15
archive,15
survive,15
develop,15
connection,15
within,15
rossellini,15
occupation,15
plunge,15
indelible,15
polish,15
alienation,15
unlikely,15
quintessential,15
spare,15
berlin,15
starring,15
idea,15
pass,15
throughout,15
endlessly,15
successful,15
push,15
gorgeously,15
darkly,15
aged,15
bitter,15
exquisitely,15
portray,15
albert,15
forever,15
hitchcock,15
inspiration,15
terrify,15
african,15
india,15
inimitable,15
partner,15
host,15
sensitive,15
sweden,15
prostitute,15
installment,15
record,15
chapter,15
pulp,15
celebration,15
fill,15
appear,15
intellectual,15
odd,15
hunter,15
pit,15
les,15
housewife,15
photographer,15
separate,15
civil,15
issue,15
strange,15
spy,15
command,15
expressive,15
welles,15
films,15
fast,14
bill,14
joan,14
race,14
favorite,14
designer,14
private,14
stark,14
author,14
miner,14
awards,14
redemption,14
myth,14
indictment,14
laura,14
melville,14
fascination,14
lena,14
martial,14
seductive,14
strong,14
dr,14
resistance,14
shake,14
troupe,14
sydow,14
newly,14
arrival,14
gabin,14
cold,14
north,14
evil,14
victor,14
word,14
display,14
joe,14
phenomenon,14
accompany,14
haunting,14
breathtake,14
circumstance,14
lie,14
persona,14
stylish,14
compose,14
troubled,14
regular,14
married,14
root,14
estate,14
account,14
object,14
river,14
anything,14
lord,14
beach,14
balance,14
top,14
neorealism,14
jealousy,14
b,14
musician,14
bob,14
mistress,14
let,14
contain,14
fan,14
backdrop,14
pitch,14
provincial,14
fragile,14
georges,14
share,14
delirious,14
sea,14
du,14
torture,14
fictional,14
ambition,14
post,14
formal,14
digital,14
dancer,14
army,14
california,14
ode,14
gunnar,14
perfect,14
entire,14
tony,14
trace,14
food,14
godzilla,14
double,14
divorce,14
wrong,14
suicide,14
border,14
wake,13
leader,13
college,13
liv,13
stardom,13
quietly,13
harrowing,13
beyond,13
largely,13
unable,13
irreverent,13
care,13
turmoil,13
ravish,13
jazz,13
almost,13
cement,13
jones,13
mr,13
promise,13
sinister,13
acclaimed,13
cycle,13
daniel,13
moody,13
allow,13
intimacy,13
hold,13
lay,13
sort,13
easy,13
devil,13
luminous,13
ban,13
condition,13
lubitsch,13
t,13
hypnotic,13
understand,13
kubrick,13
speak,13
nuclear,13
liberation,13
step,13
bank,13
wind,13
number,13
ford,13
yakuza,13
ride,13
alien,13
clever,13
length,13
federico,13
lean,13
recount,13
virtuoso,13
hallucinatory,13
nightmarish,13
wing,13
restless,13
desert,13
alain,13
surprising,13
unorthodox,13
press,13
strip,13
household,13
perspective,13
olivier,13
fascinate,13
del,13
vividly,13
francois,13
russell,13
illusion,13
heist,13
seventy,13
communist,13
don,13
subtle,13
adolescent,13
lovingly,13
coward,13
minded,13
crash,13
planet,13
adult,13
statement,13
moreau,13
employ,13
maker,13
glass,13
anthony,13
flee,13
preserve,13
snapshot,13
davis,13
cousin,13
sparkle,13
choice,13
unlike,13
giant,13
guide,13
lone,13
shop,13
central,13
complexity,13
eighteenth,13
meanwhile,13
detective,13
shakespeare,13
oshima,13
worldwide,12
alone,12
corner,12
leigh,12
progress,12
scale,12
korean,12
chris,12
sensational,12
rough,12
betrayal,12
upper,12
robbery,12
mad,12
spin,12
ritual,12
imbue,12
medieval,12
doinel,12
celebrity,12
doom,12
agree,12
m,12
bernard,12
antonioni,12
disturb,12
northern,12
taboo,12
warm,12
transfer,12
wry,12
claire,12
structure,12
businessman,12
mizoguchi,12
captain,12
roberto,12
possibility,12
possible,12
sensibility,12
straight,12
navigate,12
explosive,12
bare,12
farmer,12
club,12
nefarious,12
accuse,12
loyalty,12
venice,12
achieve,12
imaginative,12
etaix,12
lawyer,12
sacrifice,12
stanley,12
johnny,12
sexually,12
operatic,12
intensely,12
variety,12
journalist,12
oppression,12
originally,12
moviemaking,12
savage,12
texture,12
walter,12
guitry,12
talk,12
prisoner,12
assemble,12
verite,12
maintain,12
roger,12
donald,12
breathless,12
magnetic,12
folk,12
newcomer,12
array,12
ullmann,12
innocence,12
survival,12
tati,12
antonio,12
corruption,12
crumble,12
roll,12
eighty,12
johnson,12
month,12
cary,12
god,12
highly,12
prince,12
absurdity,12
southern,12
compromise,12
entirely,12
editor,12
longing,12
harris,12
exist,12
avant,12
wedding,12
costa,12
executive,12
ultimate,12
nomination,12
embody,12
court,12
uncompromising,12
alfred,12
charlie,12
homage,12
wolf,12
devote,12
happen,12
exhilarate,12
loose,12
aid,12
invention,11
represent,11
plague,11
frequent,11
mexican,11
philip,11
harold,11
forget,11
treatment,11
weekend,11
convention,11
trap,11
bjornstrand,11
unprecedented,11
eclectic,11
douglas,11
best,11
each,11
multilayere,11
enchanting,11
cool,11
whirlwind,11
absurd,11
royal,11
fully,11
cruel,11
directly,11
miss,11
victim,11
richly,11
letter,11
revelation,11
pick,11
imagine,11
leading,11
garde,11
charismatic,11
gift,11
wander,11
alcoholic,11
charming,11
enormous,11
ralph,11
hopkins,11
technology,11
jane,11
burst,11
gang,11
anxiety,11
inspector,11
werner,11
colorful,11
economic,11
linklater,11
cop,11
occupy,11
air,11
neighbor,11
pain,11
spirited,11
satirical,11
atmosphere,11
literary,11
clear,11
broadway,11
heartbreak,11
anti,11
during,11
kick,11
ravage,11
transcendent,11
marie,11
suffer,11
pierce,11
incomparable,11
camp,11
tense,11
pinnacle,11
remarkably,11
intensity,11
dvd,11
effortlessly,11
commercial,11
loss,11
universal,11
customary,11
tumultuous,11
con,11
seaside,11
term,11
hot,11
superstar,11
male,11
polanski,11
natured,11
twelve,11
twin,11
fifteen,11
map,11
patient,11
routine,11
headline,11
circle,11
territory,11
closely,11
wayward,11
nonprofessional,11
aesthetic,11
stay,11
czech,11
wai,11
meeting,11
cocteau,11
value,11
rage,11
isolation,11
religious,11
deadpan,11
alongside,11
gregory,11
ask,11
meticulous,11
scenario,11
hometown,11
ongoing,11
jim,11
monterey,11
juliette,11
fighter,11
fuller,11
jeanne,11
refuse,11
concert,11
milestone,11
poor,11
kaleidoscopic,11
yasujiro,11
intrigue,11
mailer,11
suburban,11
scathe,11
route,11
brooks,11
sight,11
current,11
candid,11
general,11
door,11
ed,11
philosopher,10
masseur,10
premiere,10
tone,10
decay,10
pursuit,10
station,10
christian,10
affection,10
howard,10
illuminate,10
bittersweet,10
sadistic,10
drifter,10
bar,10
sell,10
enormously,10
e,10
machine,10
benchmark,10
living,10
uncover,10
choreograph,10
ancient,10
beguile,10
mike,10
rarely,10
shine,10
pressburger,10
realistic,10
rod,10
sprawl,10
inquiry,10
where,10
murray,10
institute,10
macabre,10
barbara,10
web,10
drug,10
technical,10
hail,10
susan,10
building,10
pace,10
karina,10
gloriously,10
fonda,10
desperation,10
guilt,10
princess,10
diabolical,10
midst,10
josef,10
critical,10
stewart,10
warrior,10
tight,10
usher,10
teen,10
span,10
shaw,10
lifetime,10
rather,10
toro,10
freewheel,10
model,10
risk,10
trail,10
obsess,10
counterculture,10
smith,10
handful,10
distinct,10
sven,10
adore,10
wrench,10
fiercely,10
overlook,10
duo,10
forty,10
carl,10
paranoia,10
fly,10
reputation,10
hepburn,10
henri,10
consciousness,10
luis,10
suspect,10
enlist,10
protect,10
president,10
surface,10
frontier,10
ground,10
glory,10
pre,10
source,10
demonstrate,10
deneuve,10
traditional,10
anarchic,10
authentic,10
elusive,10
civilization,10
curious,10
san,10
flourish,10
nykvist,10
rouse,10
grim,10
jesse,10
gentle,10
invasion,10
neorealist,10
ordinary,10
stylistic,10
outsider,10
gray,10
lewis,10
prey,10
exploit,10
autobiographical,10
happiness,10
describe,10
veteran,10
scheme,10
burn,10
van,10
especially,10
versatile,10
elderly,10
subtly,10
voyage,10
times,10
vacation,10
expressionistic,10
archival,10
mesmerize,10
address,10
respect,10
deft,10
elaborate,10
befriend,10
flight,10
sumptuous,10
presence,10
guy,10
